"Teams","SOS","Original_SOS","Change_in_SOS","WP","Original_WP","Change_in_WP"
"Illinois",0.637154826712541,0.570200711272862,0.0669541154396784,0.704416432652641,0.575757575757576,0.128658856895065
"Alabama.St",0.289452173392582,0.380920570228631,-0.0914683968360492,0.351976144518988,0.571428571428571,-0.219452426909583
"Mississippi.St",0.540193082932139,0.491565610729655,0.0486274722024833,0.463997000647661,0.424242424242424,0.0397545764052372
"Prairie.View",0.377699779392692,0.463078096058975,-0.0853783166662839,0.20879038552662,0.303030303030303,-0.0942399175036826
"Kansas",0.741821133085949,0.647862049925617,0.0939590831603313,0.884554419118313,0.727272727272727,0.157281691845586
"ULM",0.492074345759246,0.507778680879307,-0.0157043351200614,0.339013376108998,0.346153846153846,-0.00714047004484847
"Loyola.MD",0.411834111182354,0.467822462342292,-0.0559883511599378,0.269287147939075,0.344827586206897,-0.0755404382678219
"Binghamton",0.365431501596441,0.451100806919772,-0.0856693053233315,0.149128793716557,0.233333333333333,-0.0842045396167768
"Marshall",0.494713257720704,0.497579233582248,-0.00286597586154441,0.285984790773311,0.290322580645161,-0.00433778987185068
"S.Carolina.St",0.373908230852182,0.444009465141547,-0.0701012342893653,0.166020319611758,0.25,-0.083979680388242
"Marquette",0.628650514555885,0.55994140530151,0.0687091092543755,0.657369801316519,0.53125,0.126119801316519
"Southern.Univ",0.382216166812711,0.456721589022819,-0.0745054222101078,0.43229028195717,0.551724137931034,-0.119433855973864
"Sam.Houston.St",0.39667743728005,0.453798968343803,-0.0571215310637528,0.579959907480926,0.67741935483871,-0.0974594473577838
"TX.Pan.American",0.408955020065578,0.459614145293416,-0.0506591252278378,0.193982169045122,0.258064516129032,-0.0640823470839102
"West.Virginia",0.642831458239675,0.563799101010803,0.0790323572288715,0.67102793703389,0.53125,0.13977793703389
"Mt.St.Marys",0.40314758391419,0.46464287588645,-0.0614952919722601,0.40314758391419,0.5,-0.0968524160858099
"SF.Austin",0.359657163337851,0.415863465742139,-0.0562063024042883,0.890640104690761,0.935483870967742,-0.0448437662769808
"Samford",0.364063762208781,0.43897763227551,-0.0749138700667281,0.22254153542092,0.333333333333333,-0.110791797912413
"Mississippi",0.600006734899903,0.536318506988198,0.0636882279117053,0.670594434186248,0.575757575757576,0.094836858428672
"Troy",0.443949751276123,0.476600013670897,-0.0326502623947746,0.264316066716692,0.310344827586207,-0.0460287608695145
"Texas.Tech",0.652228605258885,0.573700016782634,0.0785285884762514,0.593278520009292,0.4375,0.155778520009292
"Houston.Bap",0.421934553012907,0.454295132179563,-0.0323605791666556,0.104572715869298,0.137931034482759,-0.0333583186134607
"LoyolaChicago",0.490615736626922,0.490960776368846,-0.000345039741924402,0.282649015688554,0.290322580645161,-0.0076735649566077
"WI.Milwaukee",0.453804767755423,0.465245732865689,-0.0114409651102664,0.561062066816357,0.606060606060606,-0.0449985392442492
"Liberty",0.377189613342013,0.474055416173433,-0.0968658028314202,0.187463755507519,0.275862068965517,-0.0883983134579981
"NE.Omaha",0.429878922350807,0.44965702657325,-0.019778104222443,0.411818432465202,0.481481481481481,-0.069663049016279
"N.Illinois",0.494284779157659,0.486464686217548,0.00782009294011149,0.445957462712913,0.451612903225806,-0.00565544051289385
"N.Dakota.St",0.486313542811003,0.511465520425201,-0.0251519776141987,0.776350409146947,0.785714285714286,-0.0093638765673385
"Utah",0.595092302728154,0.523960841489713,0.0711314612384406,0.717400000508701,0.633333333333333,0.0840666671753678
"UAB",0.494750847137568,0.500371175328024,-0.00562032819045621,0.546525513247438,0.551724137931034,-0.00519862468359655
"Auburn",0.587546818628657,0.525972298950554,0.0615745196781029,0.554853788586048,0.466666666666667,0.0881871219193815
"Nicholls.St",0.369773451369501,0.407510963460282,-0.0377375120907811,0.33708991117027,0.464285714285714,-0.127195803115444
"Arizona.St",0.631363406736015,0.553952125804697,0.0774112809313177,0.765791369383949,0.65625,0.109541369383949
"UMBC",0.362123028728629,0.440723632277226,-0.0786006035485977,0.177811993225361,0.275862068965517,-0.0980500757401565
"Arkansas",0.594531756459123,0.531173052091745,0.0633587043673777,0.736791555428295,0.65625,0.0805415554282953
"Edwardsville",0.377317561034372,0.43612600607945,-0.0588084450450782,0.214256385768226,0.310344827586207,-0.0960884418179807
"Youngstown.St",0.467856481191784,0.481335576598625,-0.0134790954068416,0.382946996849824,0.413793103448276,-0.0308461065984523
"Kennesaw",0.43572397744651,0.498958682550365,-0.0632347051038553,0.109963299067373,0.137931034482759,-0.0279677354153853
"Furman",0.342081130625079,0.414910223927187,-0.0728290933021086,0.153962343973976,0.259259259259259,-0.105296915285284
"Loy.Marymount",0.56508907041219,0.530329823465487,0.0347592469467034,0.45073777844761,0.387096774193548,0.0636410042540615
"Grand.Canyon",0.419164329429416,0.470779144517939,-0.0516148150885229,0.382168177792903,0.461538461538462,-0.0793702837455584
"Elon",0.419880987250762,0.479739588547169,-0.0598586012964072,0.471126508148325,0.551724137931034,-0.08059762978271
"Oklahoma.St",0.655784741841477,0.567508414629361,0.0882763272121151,0.769267755759364,0.636363636363636,0.132904119395728
"MS.Valley.St",0.353177497134617,0.412858129474533,-0.0596806323399153,0.12468034588376,0.206896551724138,-0.0822162058403776
"Creighton",0.651692290796755,0.568134135114009,0.0835581556827457,0.8742062402271,0.787878787878788,0.0863274523483122
"Alcorn.St",0.343122770735581,0.435482389457789,-0.0923596187222074,0.198352501955422,0.321428571428571,-0.123076069473149
"Texas.AM",0.576515648210314,0.522683913950098,0.0538317342602163,0.606744693285347,0.53125,0.075494693285347
"Buffalo",0.487282869274315,0.483976325703201,0.00330654357111471,0.631092653509663,0.642857142857143,-0.0117644893474794
"Villanova",0.638647289856336,0.553692621889298,0.0849546679670382,0.92521494107635,0.875,0.0502149410763499
"Lafayette",0.424393094933017,0.499553831383004,-0.0751607364499873,0.26935214206552,0.333333333333333,-0.0639811912678129
"Bradley",0.498474936559014,0.490002783689128,0.00847215286988579,0.373571342420797,0.375,-0.00142865757920285
"Jacksonville.St",0.393691067982527,0.448526515366347,-0.05483544738382,0.198307854671061,0.275862068965517,-0.0775542142944566
"Florida.St",0.637522307523786,0.570673678748853,0.0668486287749329,0.719930311071424,0.59375,0.126180311071424
"Jacksonville",0.406509191599502,0.465742661522593,-0.0592334699230906,0.275638200735192,0.357142857142857,-0.0815046564076654
"East.Carolina",0.463960603017196,0.489624985606435,-0.025664382589239,0.412886024084938,0.448275862068966,-0.0353898379840278
"Missouri",0.623420865114928,0.549325655532716,0.0740952095822123,0.768033574671093,0.666666666666667,0.101366908004426
"SE.Louisiana",0.379285766081132,0.424857478861928,-0.0455717127807965,0.253436467743248,0.357142857142857,-0.103706389399609
"Houston",0.544083643189761,0.510284708892193,0.0337989342975675,0.559077319343304,0.515151515151515,0.0439258041917886
"Texas.St",0.479197540262814,0.508188617779495,-0.0289910775166807,0.193567697220917,0.206896551724138,-0.0133288545032208
"Portland",0.527743731102306,0.502510452478238,0.0252332786240687,0.51163552548232,0.483870967741935,0.0277645577403848
"UC.Davis",0.414304425529689,0.451259699804299,-0.0369552742746103,0.183721971094573,0.241379310344828,-0.0576573392502544
"CS.Northridge",0.397513036748433,0.441412078472196,-0.0438990417237631,0.354764802984677,0.454545454545455,-0.0997806515607775
"Hawaii",0.437545633803706,0.474837230100657,-0.0372915962969509,0.560045689554578,0.620689655172414,-0.0606439656178354
"Tennessee.St",0.487946516380068,0.5397496227383,-0.0518031063582315,0.132296466645033,0.137931034482759,-0.00563456783772581
"CS.Sacramento",0.355776380743084,0.449938189263469,-0.0941618085203856,0.292882450075028,0.428571428571429,-0.135688978496401
"St.Francis.NY",0.374724713191549,0.44534584896462,-0.0706211357730711,0.4212011886049,0.548387096774194,-0.127185908169293
"Miami.FL",0.590003212055245,0.542161646233981,0.0478415658212635,0.604584247316526,0.515151515151515,0.0894327321650106
"San.Diego",0.549383525767763,0.524698041036334,0.0246854847314292,0.51615657491894,0.466666666666667,0.0494899082522733
"S.Dakota.St",0.451318253514948,0.469005368843979,-0.0176871153290315,0.523067674857639,0.571428571428571,-0.0483608965709327
"Santa.Barbara",0.445270827832352,0.461146957216893,-0.0158761293845406,0.628880486648671,0.678571428571429,-0.049690941922758
"San.Francisco",0.575638559563531,0.544489219222256,0.0311493403412755,0.700868734630825,0.633333333333333,0.0675354012974914
"W.Carolina",0.366083969645567,0.437257595938388,-0.0711736262928209,0.381186483550381,0.516129032258065,-0.134942548707683
"North.Texas",0.489193761306861,0.506603663094208,-0.0174099017873467,0.455923934171927,0.466666666666667,-0.0107427324947396
"Santa.Clara",0.543713648844029,0.512268582378068,0.031445066465961,0.429416998272209,0.387096774193548,0.0423202240786609
"Charleston.So",0.401972408794532,0.473726564213498,-0.0717541554189654,0.251542846323013,0.333333333333333,-0.0817904870103198
"California",0.641714541433224,0.568529522966119,0.0731850184671058,0.72358269668339,0.59375,0.12983269668339
"Coppin.St",0.422542359400133,0.484032642322095,-0.0614902829219618,0.286962516032834,0.354838709677419,-0.0678761936445859
"St.Marys.CA",0.576801472445266,0.547327766717558,0.0294737057277081,0.722377163927853,0.65625,0.0661271639278528
"Louisiana.Tech",0.464120073534659,0.471952479362227,-0.00783240582756878,0.762859226544597,0.787878787878788,-0.0250195613341913
"W.Michigan",0.493883000644596,0.4886036155026,0.00527938514199577,0.704610149157925,0.709677419354839,-0.00506727019691366
"New.Mexico.St",0.426353022597848,0.47582835478219,-0.049475332184342,0.673686162235722,0.735294117647059,-0.0616079554113369
"UCLA",0.644320690041869,0.573277062991894,0.0710436270499742,0.854808270114832,0.764705882352941,0.0901023877618911
"Drexel",0.496394313658943,0.500243558305784,-0.00384924464684167,0.529741945675913,0.533333333333333,-0.00359138765742006
"Fresno.St",0.569577337939801,0.543523051429739,0.0260542865100621,0.553689309503095,0.483870967741935,0.0698183417611591
"UC.Irvine",0.438245776058949,0.461025610820726,-0.0227798347617771,0.598289391752261,0.65625,-0.0579606082477392
"North.Carolina",0.64106624485781,0.577417875876271,0.0636483689815392,0.820282790613889,0.71875,0.101532790613889
"Oakland",0.559684093679566,0.561353977575077,-0.00166988389551015,0.411454224703466,0.354838709677419,0.0566155150260468
"Valparaiso",0.474536541368634,0.478641461336354,-0.00410491996772011,0.474536541368634,0.5,-0.0254634586313663
"Murray.St",0.411686024488297,0.462152860820362,-0.0504668363320648,0.50442329821046,0.592592592592593,-0.0881692943821328
"N.Colorado",0.34782702334557,0.437074128593836,-0.0892471052482664,0.39628581729662,0.551724137931034,-0.155438320634414
"Kansas.St",0.648451857546554,0.569855965452635,0.0785958920939189,0.754557118965491,0.625,0.129557118965491
"Southern.Utah",0.409516860645153,0.494381111416657,-0.0848642507715036,0.0250429792029345,0.0357142857142857,-0.0106713065113512
"UCF",0.564621918767412,0.524282680257865,0.0403392385095463,0.442126805803321,0.379310344827586,0.0628164609757343
"TAM.C.Christi",0.38561349958375,0.425722469811736,-0.0401089702279855,0.417691502113381,0.533333333333333,-0.115641831219952
"Southern.Miss",0.494447792349727,0.505821268591836,-0.011373476242109,0.802961339515722,0.806451612903226,-0.00349027338750363
"Jackson.St",0.367922312146771,0.441400471333424,-0.0734781591866538,0.242508142029121,0.354838709677419,-0.112330567648298
"Northwestern.LA",0.456720757825778,0.49211628388084,-0.0353955260550627,0.473884187302861,0.517241379310345,-0.0433571920074842
"Stanford",0.654214681161437,0.577198136047243,0.0770165451141936,0.768032224418011,0.636363636363636,0.131668588054375
"Bucknell",0.419494584715,0.478030880335265,-0.0585362956202654,0.452316076169616,0.533333333333333,-0.0810172571637178
"Arizona",0.666739029362813,0.591969029161991,0.0747700002008218,0.920658711390642,0.852941176470588,0.0677175349200543
"Cal.Poly.SLO",0.502334158111202,0.519746465234221,-0.0174123071230192,0.368837542690608,0.366666666666667,0.00217087602394123
"Washington.St",0.642634340205004,0.56283657338285,0.0797977668221538,0.473442314948546,0.333333333333333,0.140108981615213
"CS.Bakersfield",0.391538094766948,0.43603594865928,-0.0444978538923329,0.28897162860797,0.387096774193548,-0.098125145585578
"Boise.St",0.573536283200813,0.545643470582818,0.0278928126179949,0.662796976488089,0.59375,0.0690469764880889
"UT.Arlington",0.4717562423997,0.489690207917814,-0.0179339655181135,0.405799065958842,0.433333333333333,-0.0275342673744916
"Utah.St",0.550885217040023,0.526627040349277,0.0242581766907461,0.598304140742421,0.548387096774194,0.049917043968227
"USC",0.649846839427263,0.577480774260324,0.0723660651669388,0.469146425428538,0.32258064516129,0.146565780267247
"Tulane",0.458782601618393,0.479249040339836,-0.0204664387214425,0.458782601618393,0.5,-0.0412173983816069
"NJIT",0.33646276782054,0.402423201103679,-0.0659604332831395,0.221928767645786,0.36,-0.138071232354214
"Iowa",0.625221252987515,0.551886780733068,0.0733344722544471,0.73547783802347,0.625,0.11047783802347
"UNC.Wilmington",0.489877582421742,0.512704492202382,-0.0228269097806401,0.226167551900293,0.233333333333333,-0.00716578143304009
"Utah.Valley",0.396975227253395,0.446207034955619,-0.0492318077022246,0.5185894490715,0.620689655172414,-0.102100206100914
"IUPUI",0.492844834693935,0.532090582979741,-0.039245748285806,0.100823592158821,0.103448275862069,-0.00262468370324748
"Rhode.Island",0.590064422057386,0.55103008251333,0.0390343395440566,0.509701107422989,0.419354838709677,0.0903462687133116
"Maine",0.408292605456874,0.486961245381263,-0.0786686399243883,0.130438811652387,0.178571428571429,-0.0481326169190416
"BYU",0.621214864379468,0.577302349915228,0.04391251446424,0.766357227568651,0.666666666666667,0.0996905609019845
"Weber.St",0.369082419375429,0.452672437161739,-0.0835900177863098,0.474812042311976,0.607142857142857,-0.132330814830881
"SMU",0.545971549299722,0.503644192881673,0.042327356418049,0.754484868578085,0.71875,0.0357348685780849
"TCU",0.650623266301327,0.571329986505413,0.0792932797959144,0.403760405734611,0.266666666666667,0.137093739067944
"San.Diego.St",0.561496855163981,0.516328898224434,0.045167956939547,0.896300802268206,0.870967741935484,0.0253330603327219
"UC.Riverside",0.415193360792934,0.456191167567553,-0.0409978067746193,0.212885742721672,0.275862068965517,-0.0629763262438452
"Wyoming",0.527891103890454,0.509750529842503,0.0181405740479514,0.560997598509508,0.533333333333333,0.0276642651761748
"TN.Martin",0.391228352257751,0.450868505195927,-0.0596401529381761,0.143577782720657,0.206896551724138,-0.0633187690034807
"Wisconsin",0.682357537543561,0.602137723331876,0.0802198142116859,0.888629087542427,0.787878787878788,0.100750299663639
"St.Johns",0.62762307699241,0.560643763004829,0.0669793139875803,0.737469765884957,0.625,0.112469765884957
"Baylor",0.680906090456969,0.592320464974647,0.0885856254823217,0.81016553431829,0.666666666666667,0.143498867651623
"Colorado",0.651620279870287,0.577206340561481,0.0744139393088052,0.796371399066513,0.676470588235294,0.119900810831219
"Austin.Peay",0.365170348852899,0.433863376630638,-0.0686930277777391,0.242177289490497,0.357142857142857,-0.11496556765236
"Air.Force",0.521132443895902,0.503615723348024,0.0175167205478783,0.376787425138456,0.357142857142857,0.0196445679955987
"Army",0.392132960426518,0.453531686831203,-0.0613987264046845,0.360801616104415,0.466666666666667,-0.105865050562251
"Chattanooga",0.34260892128552,0.415882305691949,-0.0732733844064287,0.358312343834178,0.517241379310345,-0.158929035476167
"E.Kentucky",0.399772916045883,0.460352533150753,-0.06057961710487,0.619495278851877,0.709677419354839,-0.0901821405029618
"Florida.Intl",0.467726784927484,0.487974176634283,-0.0202473917067996,0.432324514285427,0.464285714285714,-0.031961200000287
"Connecticut",0.610411684351094,0.564967001833116,0.0454446825179781,0.835854048922925,0.764705882352941,0.0711481665699839
"Maryland",0.646452171825181,0.581735341222266,0.0647168306029149,0.674507545691874,0.53125,0.143257545691874
"Providence",0.630464869833625,0.547139256149051,0.0833256136845745,0.781052529798406,0.676470588235294,0.104581941563112
"Boston.College",0.658395402541542,0.578970185040669,0.0794252175008737,0.359855369842656,0.225806451612903,0.134048918229753
"UNLV",0.540260367501771,0.522963776009557,0.0172965914922134,0.64386375814351,0.606060606060606,0.0378031520829036
"Portland.St",0.344571077872166,0.433771218281546,-0.08920014040938,0.360315142225164,0.517241379310345,-0.156926237085181
"Florida",0.646483392392374,0.566000943965828,0.0804824484265465,0.966952573948315,0.941176470588235,0.0257761033600797
"North.Florida",0.432405704612737,0.480102277377395,-0.0476965727646585,0.399973864102907,0.466666666666667,-0.0666928025637601
"VMI",0.349470764403215,0.425827360509415,-0.0763565961061999,0.401739410761582,0.555555555555556,-0.153816144793974
"Citadel",0.372881784536673,0.456767565576683,-0.0838857810400096,0.086870826537631,0.137931034482759,-0.0510602079451277
"Pacific",0.566898740396191,0.530457405909297,0.0364413344868941,0.549887527482402,0.482758620689655,0.0671289067927466
"Nevada",0.557836488809805,0.531069498841927,0.0267669899678784,0.526780097158509,0.46875,0.0580300971585094
"Oklahoma",0.663518345115327,0.576346388307889,0.0871719568074384,0.834420013790429,0.71875,0.115670013790429
"Alabama",0.679221198514226,0.612611860324491,0.0666093381897348,0.57215837062126,0.387096774193548,0.185061596427712
"E.Michigan",0.55980809766969,0.5454866832296,0.0143214144400894,0.620506284757542,0.5625,0.0580062847575419
"Cincinnati",0.578994066157327,0.542789861011385,0.0362042051459427,0.860892508544667,0.818181818181818,0.0427106903628492
"NC.Central",0.316783692178857,0.388499670375371,-0.071715978196514,0.7068359589706,0.838709677419355,-0.131873718448755
"George.Mason",0.613733033557208,0.566263242860078,0.0474697906971298,0.466349514445942,0.354838709677419,0.111510804768523
"American.Univ",0.403651549371421,0.464085632650199,-0.0604340832787778,0.530101674207007,0.625,-0.0948983257929932
"Fordham",0.575773723901636,0.543829250125831,0.0319444737758047,0.392577748120821,0.32258064516129,0.0699971029595303
"St.Francis.PA",0.377070430216605,0.446729113765084,-0.069658683548479,0.223751121426777,0.32258064516129,-0.0988295237345135
"NC.State",0.62807663065774,0.576259264150787,0.0518173665069537,0.731755472957555,0.617647058823529,0.114108414134025
"Appalachian.St",0.38111119614261,0.458522137284283,-0.0774109411416734,0.127870603878121,0.192307692307692,-0.064437088429571
"G.Washington",0.595721401625808,0.541997471223738,0.0537239304020701,0.815519438712098,0.75,0.065519438712098
"Radford",0.302627248049439,0.380898938981067,-0.0782716909316283,0.394280813326337,0.6,-0.205719186673663
"C.Michigan",0.476284063775906,0.487724868785722,-0.0114408050098163,0.25730642039162,0.275862068965517,-0.0185556485738969
"Akron",0.514879780460682,0.500532709345271,0.0143470711154102,0.650025771076826,0.636363636363636,0.01366213471319
"Coastal.Car",0.35677420735522,0.440060621643631,-0.0832864142884105,0.454147291125856,0.6,-0.145852708874144
"St.Louis",0.583005818982345,0.548544724356941,0.0344610946254045,0.85349013949298,0.806451612903226,0.0470385265897539
"SE.Missouri.St",0.342840843478151,0.393484104668523,-0.0506432611903713,0.373523927086242,0.533333333333333,-0.159809406247092
"Minnesota",0.656484565498344,0.595824993460962,0.0606595720373817,0.736364303498725,0.59375,0.142614303498725
"Lehigh",0.411114539815317,0.473968896465579,-0.0628543566502613,0.351905403896694,0.4375,-0.0855945961033058
"Nebraska",0.646870579354656,0.572162085842002,0.0747084935126534,0.743615141980725,0.612903225806452,0.130711916174273
"FL.Gulf.Coast",0.385786806256734,0.449127215277066,-0.063340409020332,0.511440112128205,0.625,-0.113559887871795
"Missouri.KC",0.452123320531239,0.507689521376608,-0.0555662008453683,0.302810694501325,0.344827586206897,-0.0420168917055712
"Charlotte",0.48895978645852,0.500741111370081,-0.0117813249115613,0.537426857522889,0.548387096774194,-0.010960239251305
"ETSU",0.395039821094123,0.466555067047802,-0.0715152459536789,0.42530988511654,0.53125,-0.10594011488346
"Monmouth.NJ",0.432699128343028,0.460111868789697,-0.0274127404466686,0.285472795743404,0.34375,-0.0582772042565956
"Hofstra",0.470819116498737,0.500640921191957,-0.0298218046932196,0.27893199386406,0.303030303030303,-0.0240983091662432
"South.Alabama",0.488807179441942,0.510277048713766,-0.0214698692718235,0.276664115283491,0.285714285714286,-0.00905017043079448
"Detroit",0.497595281596921,0.504427539675773,-0.00683225807885202,0.36443581156957,0.366666666666667,-0.00223085509709653
"Stony.Brook",0.345278870406959,0.404030960224985,-0.0587520898180257,0.537081883594889,0.6875,-0.150418116405111
"Marist",0.46883289654729,0.494491144614318,-0.0256582480670282,0.357929380920012,0.387096774193548,-0.0291673932735362
"Oregon",0.648611512909401,0.574539711570491,0.0740718013389102,0.825088593644668,0.71875,0.106338593644668
"Georgetown",0.657456374983758,0.584740475723104,0.0727158992606548,0.699755827534945,0.548387096774194,0.151368730760752
"Kent",0.476431944757511,0.480911119485342,-0.00447917472783121,0.46036318106321,0.483870967741935,-0.0235077866787256
"VA.Commonwealth",0.619422451283068,0.570183327393701,0.0492391238893675,0.84100870335677,0.764705882352941,0.0763028210038289
"Illinois.St",0.551901261387219,0.525593151382304,0.0263081100049147,0.551901261387219,0.5,0.0519012613872191
"NC.AT",0.358309234962136,0.429293882720315,-0.0709846477581794,0.162633480378292,0.258064516129032,-0.0954310357507402
"UNC.Greensboro",0.376646229224382,0.427996103709738,-0.0513498744853553,0.269672593287597,0.379310344827586,-0.10963775153999
"High.Point",0.403001902820175,0.488251811662745,-0.0852499088425696,0.403001902820175,0.5,-0.096998097179825
"Campbell",0.346079972374493,0.434949766146544,-0.0888697937720515,0.200442731671972,0.321428571428571,-0.120985839756599
"Missouri.St",0.532631206032983,0.53239449706116,0.000236708971823041,0.643420885055705,0.612903225806452,0.0305176592492539
"Old.Dominion",0.500733350110864,0.509898026814835,-0.0091646767039717,0.48558119410887,0.484848484848485,0.000732709260384989
"Hampton",0.345321332007329,0.424378461803705,-0.0790571297963769,0.441715163668135,0.6,-0.158284836331865
"William..Mary",0.455955784924583,0.482872788898512,-0.0269170039739287,0.570256477823809,0.612903225806452,-0.0426467479826429
"FL.Atlantic",0.502416874528139,0.506806950611954,-0.00439007608381592,0.268561473841349,0.266666666666667,0.00189480717468266
"Georgia.Tech",0.577005371883718,0.509724111133282,0.0672812607504356,0.562143881745787,0.484848484848485,0.0772953968973018
"Presbyterian",0.336587954540353,0.417287178182849,-0.0806992236424964,0.0724037166932885,0.133333333333333,-0.0609296166400449
"Colorado.St",0.537080132133955,0.523293257893713,0.0137868742402419,0.503765415079111,0.466666666666667,0.0370987484124442
"Rutgers",0.596773974675396,0.576836794025406,0.0199371806499906,0.43669505522377,0.34375,0.09294505522377
"Florida.AM",0.350703794984515,0.414026323250693,-0.0633225282661782,0.264752423168526,0.4,-0.135247576831474
"Towson",0.440023549420202,0.45758675776345,-0.0175632083432482,0.633530042936004,0.6875,-0.0539699570639958
"Navy",0.373923005257852,0.450487711482123,-0.0765647062242711,0.185351252827356,0.275862068965517,-0.090510816138161
"Purdue",0.619953654993872,0.539041357691701,0.0809122973021708,0.590053942436607,0.46875,0.121303942436607
"N.Kentucky",0.406683355771505,0.467156016281188,-0.0604726605096828,0.227059285045788,0.3,-0.0729407149542123
"TX.Southern",0.315135009378122,0.384976085491415,-0.0698410761132929,0.371705729604758,0.5625,-0.190794270395242
"Norfolk.St",0.350567099528803,0.431666132846775,-0.0810990333179712,0.381540193872961,0.533333333333333,-0.151793139460372
"Xavier",0.644150112293464,0.553642544061079,0.0905075682323847,0.760065492335053,0.636363636363636,0.123701855971417
"Gardner.Webb",0.359274947527388,0.422888734649337,-0.0636137871219497,0.359274947527388,0.5,-0.140725052472612
"Albany.NY",0.364975686455174,0.445019740482765,-0.0800440540275915,0.424942023517521,0.5625,-0.137557976482479
"Siena",0.47692961913197,0.488189077434289,-0.0112594583023193,0.445835817671436,0.46875,-0.0229141823285645
"Belmont",0.457006938837288,0.499066333563929,-0.0420593947266414,0.682627177575843,0.71875,-0.0361228224241568
"Lipscomb",0.402183029274711,0.456601077562107,-0.0544180482873965,0.385712632316022,0.482758620689655,-0.0970459883736334
"Michigan.St",0.660141106119398,0.571720636259715,0.0884204698596837,0.863253328632478,0.764705882352941,0.0985474462795365
"McNeese.St",0.458188198283533,0.497206868373431,-0.0390186700898978,0.27564927339079,0.310344827586207,-0.0346955541954167
"Kentucky",0.671799742715923,0.608785348612389,0.0630143941035346,0.830869912083181,0.705882352941177,0.124987559142004
"UNC.Asheville",0.389880597632425,0.470098172622839,-0.0802175749904143,0.373599162096473,0.482758620689655,-0.109159458593182
"Duke",0.656324274535661,0.594081326586121,0.0622429479495397,0.861238092762517,0.764705882352941,0.0965322104095763
"Davidson",0.428535342726003,0.480661656393679,-0.052126313667676,0.542820575251311,0.612903225806452,-0.0700826505551408
"Michigan",0.666681871623863,0.585923953822666,0.0807579178011962,0.862077101235743,0.757575757575758,0.104501343659985
"MA.Lowell",0.393158847963265,0.462478302256075,-0.0693194542928097,0.24467810490472,0.333333333333333,-0.0886552284286132
"Georgia",0.608311790141374,0.553930626769691,0.0543811633716836,0.694174999468932,0.59375,0.100424999468932
"Wofford",0.384437595091154,0.458685705129635,-0.0742481100384816,0.469426151124473,0.586206896551724,-0.116780745427252
"Howard",0.39396669772178,0.460069526213729,-0.0661028284919498,0.134961447435247,0.193548387096774,-0.0585869396615271
"Notre.Dame",0.618775247514142,0.559299753651257,0.0594754938628852,0.588844310637415,0.46875,0.120094310637415
"Miami.OH",0.534323887697522,0.521731833470571,0.0125920542269508,0.467358451741065,0.433333333333333,0.0340251184077316
"Indiana",0.625369215912984,0.55935308155868,0.0660161343543034,0.654202682242432,0.53125,0.122952682242432
"Chicago.St",0.436022740125477,0.477057351780492,-0.0410346116550152,0.309199741574756,0.366666666666667,-0.0574669250919109
"Texas",0.648509282565005,0.551528245032465,0.0969810375325396,0.809289809787398,0.696969696969697,0.112320112817701
"Mercer",0.412487471870694,0.460180748780313,-0.0476932769096189,0.668711014519601,0.741935483870968,-0.0732244693513671
"Clemson",0.588013852750492,0.532369810883583,0.055644041866909,0.704034903762629,0.625,0.0790349037626294
"Stetson",0.397406164144814,0.456493112333383,-0.0590869481885692,0.161321490934183,0.225806451612903,-0.0644849606787205
"Virginia",0.629390390688336,0.569053390218896,0.0603370004694396,0.887957688788181,0.823529411764706,0.0644282770234755
"James.Madison",0.47612030960134,0.506018140475571,-0.0298978308742306,0.333270823793222,0.354838709677419,-0.0215678858841972
"Richmond",0.606669106098609,0.560673454710241,0.045995651388368,0.676714565276591,0.575757575757576,0.100956989519016
"Delaware",0.44928841763531,0.470989346051603,-0.0217009284162929,0.693833948204185,0.735294117647059,-0.041460169442874
"F.Dickinson",0.409141556348681,0.483297850971492,-0.0741562946228101,0.237574604171776,0.310344827586207,-0.0727702234144309
"Wake.Forest",0.611485397425615,0.547406206576415,0.0640791908492002,0.625787008658869,0.515151515151515,0.110635493507354
"Colgate",0.410417620087989,0.467283100815934,-0.0568654807279455,0.316975913391822,0.4,-0.0830240866081783
"Pittsburgh",0.61713388680145,0.549978301170093,0.0671555856313566,0.817433026395898,0.735294117647059,0.0821389087488391
"Savannah.St",0.396646046877556,0.450474373428595,-0.0538283265510399,0.275677824787546,0.366666666666667,-0.0909888418791203
"Syracuse",0.613687322578425,0.539306775704946,0.0743805468734791,0.89559749503776,0.84375,0.05184749503776
"Cornell",0.491258308403841,0.543535420828985,-0.0522771124251443,0.035809803842306,0.037037037037037,-0.00122723319473101
"Drake",0.514889566209531,0.50730812063836,0.00758144557117091,0.48151954407993,0.466666666666667,0.0148528774132633
"IL.Chicago",0.498957010940629,0.512328128833777,-0.0133711178931478,0.137435711789206,0.137931034482759,-0.000495322693552153
"New.Hampshire",0.370480226176662,0.450822377860946,-0.0803421516842833,0.109216125591594,0.172413793103448,-0.0631976675118547
"Robert.Morris",0.405439068457758,0.457136243319132,-0.0516971748613743,0.524161286706327,0.617647058823529,-0.0934857721172027
"DePaul",0.657927401390544,0.583383292673386,0.0745441087171584,0.523596412345368,0.363636363636364,0.159960048709004
"Grambling",0.348662201598064,0.426960455946366,-0.0782982543483018,0.0851672178349747,0.148148148148148,-0.0629809303131734
"Northern.Arizona",0.377500681516796,0.448538411717587,-0.0710377302007906,0.333071386306374,0.451612903225806,-0.118541516919433
"UT.San.Antonio",0.486605598459065,0.506342985400735,-0.01973738694167,0.21309769257974,0.222222222222222,-0.00912452964248206
"Pepperdine",0.545426601412458,0.513415701321708,0.0320109000907502,0.512166961909668,0.466666666666667,0.0455002952430011
"Fairfield",0.489170955439979,0.522363217028667,-0.033192261588688,0.211436431647577,0.21875,-0.00731356835242306
"Sacred.Heart",0.364645631703005,0.442729782701985,-0.0780841509989795,0.0993994248384008,0.161290322580645,-0.0618908977422444
"Seton.Hall",0.595298029985057,0.537878103887989,0.0574199260970679,0.595298029985057,0.5,0.0952980299850573
"Niagara",0.476163309345122,0.513741474774356,-0.0375781654292344,0.196612009224273,0.212121212121212,-0.015509202896939
"Yale",0.447920111775101,0.497081469310795,-0.0491613575356945,0.466308656857693,0.518518518518518,-0.0522098616608252
"Central.Conn",0.362138226737288,0.445081253825661,-0.0829430270883735,0.23006406278845,0.344827586206897,-0.114763523418447
"St.Josephs.PA",0.604217231933248,0.55353128698505,0.0506859449481976,0.802801641977156,0.727272727272727,0.0755289147044282
"Vermont",0.40168674330202,0.466050950832094,-0.0643642075300738,0.573147666868487,0.666666666666667,-0.0935189997981801
"St.Bonaventure",0.577487301213969,0.541111749976608,0.0363755512373607,0.621233831680738,0.545454545454545,0.0757792862261928
"South.Dakota",0.481405216539854,0.502309786310785,-0.0209045697709311,0.317007026352984,0.333333333333333,-0.0163263069803495
"Columbia",0.440182445921278,0.494375087425086,-0.0541926415038074,0.541167460642587,0.6,-0.0588325393574129
"MD.E.Shore",0.352932879302106,0.418640030830312,-0.0657071515282059,0.106003624044243,0.178571428571429,-0.0725678045271852
"ULL",0.463071750477515,0.48621379351762,-0.0231420430401046,0.59834193474677,0.633333333333333,-0.0349913985865635
"Incarnate.Word",0.331940544834199,0.386983450159201,-0.0550429053250017,0.42703560204765,0.6,-0.17296439795235
"WI.Green.Bay",0.484731733127723,0.492516146271544,-0.00778441314382139,0.767039771456738,0.777777777777778,-0.0107380063210398
"Toledo",0.486347124296794,0.4879902516232,-0.00164312732640587,0.804035828516871,0.8125,-0.00846417148312861
"CS.Fullerton",0.42878035207533,0.455982143925064,-0.0272017918497344,0.292211798710718,0.354838709677419,-0.0626269109667018
"Montana.St",0.344167756327596,0.436338729353957,-0.092170973026361,0.270303651941825,0.413793103448276,-0.143489451506451
"Northwestern",0.645458097777047,0.567953912261325,0.0775041855157218,0.572914461051276,0.424242424242424,0.148672036808852
"E.Illinois",0.402116140646075,0.4620905113655,-0.0599743707194244,0.241610538975676,0.321428571428571,-0.0798180324528953
"UTEP",0.497995243859405,0.502613488630051,-0.00461824477064648,0.675664521912235,0.67741935483871,-0.00175483292647449
"Idaho.St",0.383499872756377,0.467786225605098,-0.084286352848721,0.237240855285488,0.333333333333333,-0.0960924780478452
"New.Mexico",0.586147313202075,0.559463364997143,0.0266839482049319,0.864377987347565,0.818181818181818,0.0461961691657464
"Alabama.AM",0.337884698615945,0.427270539821191,-0.089385841205246,0.276794697169894,0.428571428571429,-0.151776731401534
"Idaho",0.407613130371346,0.465544997889636,-0.0579318675182905,0.364435740832798,0.454545454545455,-0.0901097137126569
"W.Illinois",0.459713977330099,0.497271888251578,-0.0375579109214789,0.229468231868639,0.259259259259259,-0.0297910273906205
"Louisville",0.562619724323796,0.524881390110116,0.03773833421368,0.88180747211408,0.852941176470588,0.0288662956434915
"Col.Charleston",0.464483490505534,0.485858782760978,-0.0213752922554445,0.385154111502062,0.419354838709677,-0.0342007272076156
"South.Carolina",0.635872190253187,0.571639334964622,0.0642328552885644,0.550036385533711,0.411764705882353,0.138271679651358
"Longwood",0.387082305046624,0.461652984405667,-0.0745706793590428,0.0952328402862049,0.142857142857143,-0.0476243025709379
"Morehead.St",0.432608846422148,0.479590316684703,-0.0469814702625555,0.513548540543609,0.580645161290323,-0.0670966207467136
"Evansville",0.539531430613365,0.524700016207381,0.0148314144059842,0.425294494579312,0.387096774193548,0.038197720385764
"Indiana.St",0.515988653663712,0.498891299414282,0.0170973542494299,0.691238070946264,0.67741935483871,0.0138187161075546
"Ball.St",0.563177171178642,0.553257645838192,0.00991952534045026,0.13398238033084,0.107142857142857,0.026839523187983
"Georgia.St",0.423660902905065,0.447549761731491,-0.0238888588264263,0.707199486032831,0.766666666666667,-0.0594671806338353
"BethuneCookman",0.351821111479898,0.421908841974111,-0.070087730494213,0.0979262360696266,0.166666666666667,-0.06874043059704
"Ohio",0.514762802067949,0.509206693813253,0.00555610825469577,0.679661266259241,0.666666666666667,0.0129945995925741
"Northern.Iowa",0.572621949653389,0.543254389243478,0.0293675604099102,0.572621949653389,0.5,0.0726219496533885
"Ohio.St",0.649708389117787,0.577252173171118,0.0724562159466691,0.837454489764219,0.735294117647059,0.10216037211716
"Morgan.St",0.409120782944439,0.46196010165489,-0.0528393187104508,0.393615501648762,0.483870967741935,-0.0902554660931735
"South.Florida",0.55106673893322,0.509900601718908,0.0411661372143114,0.424129509672064,0.375,0.0491295096720636
"Tennessee.Tech",0.40900266956099,0.470650307226566,-0.0616476376655753,0.393498883579253,0.483870967741935,-0.0903720841626829
"Penn.St",0.630584749949057,0.562693925423705,0.0678908245253527,0.600983106665685,0.46875,0.132233106665685
"Wagner",0.343916369106855,0.399946707118483,-0.0560303380116277,0.440181706531497,0.6,-0.159818293468503
"Long.Island",0.38513504769314,0.460943806543368,-0.0758087588502279,0.2198884921667,0.310344827586207,-0.0904563354195065
"St.Peters",0.42599473597598,0.464530620035603,-0.0385358840596232,0.379335982264505,0.451612903225806,-0.072276920961301
"Dayton",0.601348312169366,0.557427411547173,0.0439209006221938,0.776258700685965,0.696969696969697,0.0792890037162681
"IPFW",0.406261444991967,0.433113402871019,-0.0268519578790522,0.589644310089882,0.67741935483871,-0.0877750447488272
"SC.Upstate",0.401878358506593,0.452861874674615,-0.0509835161680225,0.449302647385712,0.548387096774194,-0.0990844493884817
"Virginia.Tech",0.598244900355821,0.556090789666191,0.0421541106896298,0.378561038220924,0.290322580645161,0.0882384575757632
"Bowling.Green",0.547434998941706,0.547709527755008,-0.000274528813302033,0.399505806844028,0.354838709677419,0.0446670971666089
"Butler",0.624251519317783,0.542639617311028,0.0816119020067556,0.559558239793031,0.433333333333333,0.126224906459697
"Lamar",0.41895336281873,0.463223620069421,-0.0442702572506914,0.0998516864288234,0.133333333333333,-0.0334816469045099
"Quinnipiac",0.444566440522403,0.483130024547895,-0.0385635840254916,0.592711868915851,0.645161290322581,-0.0524494214067299
"Hartford",0.358808802596477,0.429088117017565,-0.0702793144210882,0.372872482204936,0.515151515151515,-0.142279032946579
"Gonzaga",0.576740575384011,0.523304436878157,0.0534361385058546,0.859782500359501,0.818181818181818,0.0416006821776832
"Bryant",0.396578475892607,0.46592181670538,-0.0693433408127734,0.443841442945066,0.548387096774194,-0.104545653829127
"Delaware.St",0.384283868059389,0.447723164045677,-0.0634392959862881,0.172213996489854,0.25,-0.0777860035101456
"Temple",0.626881892143782,0.587669815111741,0.0392120770320409,0.407344327528744,0.290322580645161,0.117021746883582
"Penn",0.468741278026386,0.491496195143998,-0.022754917117612,0.260862811919885,0.285714285714286,-0.024851473794401
"Winthrop",0.369062679336054,0.458562427862426,-0.0894997485263727,0.433404040259945,0.566666666666667,-0.133262626406722
"Manhattan",0.45573446538025,0.471153795554145,-0.0154193301738956,0.749404491423349,0.78125,-0.0318455085766511
"La.Salle",0.614843691229544,0.578752498776448,0.0360911924530967,0.599451522191276,0.483870967741935,0.115580554449341
"Duquesne",0.527608623999902,0.496295731141491,0.0313128928584107,0.460652267532987,0.433333333333333,0.0273189341996537
"Abilene.Chr",0.452681286080358,0.479675098907778,-0.0269938128274204,0.0800892678612737,0.0952380952380952,-0.0151488273768215
"Cleveland.St",0.487761669266066,0.501753342430893,-0.0139916731648265,0.621890595893211,0.633333333333333,-0.0114427374401219
"Iona",0.49087840055677,0.508114030583224,-0.0172356300264537,0.679607128771119,0.6875,-0.00789287122888083
"Wichita.St",0.538490844394336,0.511914332423231,0.0265765119711043,1,1,0
"Long.Beach.St",0.521441977893046,0.517136116707781,0.00430586118526477,0.454515235676756,0.433333333333333,0.0211819023434222
"Rice",0.508707389718669,0.520632527408161,-0.0119251376894917,0.183738199323734,0.178571428571429,0.00516677075230546
"Middle.Tenn.St",0.496773098704429,0.509720063017093,-0.0129469643126638,0.707010778934082,0.709677419354839,-0.00266664042075704
"E.Washington",0.397313317496082,0.479007847241539,-0.0816945297454574,0.3488014710149,0.448275862068966,-0.0994743910540659
"Wright.St",0.42841747601807,0.443654841558763,-0.0152373655406929,0.49075197680758,0.5625,-0.0717480231924195
"Washington",0.614275799874699,0.558144155764047,0.0561316441106521,0.643476316027559,0.53125,0.112226316027559
"Seattle",0.398374895361283,0.462173819303999,-0.0637989239427164,0.299945150372789,0.392857142857143,-0.0929119924843539
"Oregon.St",0.62039936664031,0.553698889230502,0.0667004774098083,0.635476061351174,0.516129032258065,0.11934702909311
"Ark.Pine.Bluff",0.385872734903793,0.456631193365496,-0.0707584584617033,0.27744495493068,0.379310344827586,-0.101865389896906
"Oral.Roberts",0.465819998510597,0.497206827324521,-0.0313868288139238,0.449801661689836,0.483870967741935,-0.0340693060520993
"Tulsa",0.539802860471166,0.539485298832806,0.000317561638359609,0.672423079502735,0.636363636363636,0.036059443139099
"Brown",0.388938098562231,0.431090646729998,-0.0421525481677666,0.406688965158182,0.518518518518518,-0.111829553360336
"Harvard",0.429678642012817,0.452670534715127,-0.0229918927023101,0.824829810354607,0.862068965517241,-0.0372391551626345
"Holy.Cross",0.414534273654207,0.485186329749187,-0.0706520560949797,0.50855857289765,0.59375,-0.0851914271023503
"Massachusetts",0.63297572390023,0.562157034070833,0.0708186898293969,0.838026416472411,0.75,0.0880264164724106
"Dartmouth",0.421077006919287,0.469775189894767,-0.0486981829754803,0.312521483382273,0.384615384615385,-0.0720939012331116
"Iowa.St",0.671912682194814,0.569569296208112,0.102343385986702,0.883812020186936,0.787878787878788,0.0959332323081483
"Boston.Univ",0.433230874102683,0.494203091236019,-0.0609722171333354,0.647207636017519,0.705882352941177,-0.058674716923658
"Northeastern",0.519455540972958,0.531858607566042,-0.0124030665930843,0.361521684383367,0.34375,0.0177716843833666
"Princeton",0.402853988233212,0.425761592993188,-0.0229076047599758,0.615717421242236,0.703703703703704,-0.0879862824614674
"Arkansas.St",0.422977523715411,0.443743352146725,-0.0207658284313145,0.489427028666397,0.566666666666667,-0.0772396380002693
"W.Kentucky",0.453455862936475,0.480539306725766,-0.0270834437892908,0.567783901808431,0.612903225806452,-0.0451193239980209
"Canisius",0.454502379637686,0.480608325704005,-0.0261059460663192,0.613993911969179,0.65625,-0.0422560880308214
"Ark.Little.Rock",0.477469938131722,0.505517818283296,-0.0280478801515736,0.411335966441473,0.433333333333333,-0.0219973668918606
"Ga.Southern",0.336645371539219,0.410712469973881,-0.0740670984346616,0.242722307842175,0.387096774193548,-0.144374466351373
"Cent.Arkansas",0.41613050369109,0.464729701677648,-0.0485991979865583,0.169181179110541,0.222222222222222,-0.0530410431116809
"Vanderbilt",0.620696486255767,0.555019435063715,0.0656770511920515,0.605388097420401,0.483870967741935,0.121517129678465
"Montana",0.374796792177302,0.461405155904004,-0.0866083637267018,0.40888131333981,0.535714285714286,-0.126832972374476
"Denver",0.505519712095709,0.527314231064463,-0.0217945189687541,0.505519712095709,0.5,0.00551971209570878
"San.Jose.St",0.552924460704353,0.52954553756882,0.0233789231355326,0.204871286052136,0.172413793103448,0.0324574929486881
"S.Illinois",0.520866333181817,0.508981526959836,0.0118848062219813,0.426541529839292,0.40625,0.0202915298392924
"Tennessee",0.648867061556932,0.583623014402887,0.065244047154045,0.754894373371338,0.625,0.129894373371338
"New.Orleans",0.429598656631027,0.468934915418089,-0.039336258787062,0.311243028802315,0.375,-0.0637569711976851
"LSU",0.62319463290205,0.545878200602915,0.0773164322991352,0.707364796651922,0.59375,0.113614796651922
"Rider",0.457196330224038,0.492719740191393,-0.0355234099673549,0.409558503376717,0.451612903225806,-0.0420543998490892
"North.Dakota",0.397233063049123,0.474211993333374,-0.0769789302842502,0.381887133853534,0.483870967741935,-0.101983833888402
"Memphis",0.601279959414197,0.568893335683629,0.0323866237305684,0.786611327954967,0.709677419354839,0.0769339086001284
